video,nb_short-term_annotations,nb_long-term_annotations,short-term_memorability,long-term_memorability
7494,33,12,0.847892088,0.765770185
7495,34,10,0.90673107,0.855989349
7496,32,13,0.896926361,0.82662024
7497,33,10,0.856702928,0.777344837
7498,33,10,0.857068392,0.780128407
7499,33,13,0.859100358,0.782812963
7500,33,10,0.857068392,0.780128407
7502,43,15,0.793868,0.762052848
7503,33,11,0.857068392,0.780128407
7504,33,15,0.86853628,0.792843552
7505,38,10,0.857068392,0.780128407
7506,34,10,0.858491844,0.782004856
7507,34,12,0.857068392,0.780128407
7508,33,14,0.85382473,0.771150177
7510,33,11,0.858804328,0.784562835
7511,34,18,0.857068392,0.780128407
7513,34,19,0.857068392,0.780128407
7515,33,13,0.857097253,0.778426471
7516,34,11,0.853357105,0.764689806
7517,33,13,0.857068392,0.780128407
7518,33,10,0.853417136,0.7768642
7519,32,10,0.843298614,0.778070311
7520,33,14,0.852599326,0.770211977
7521,34,14,0.858361181,0.780604569
7522,33,16,0.857068392,0.780128407
7523,34,14,0.857068392,0.780128407
7524,50,22,0.87932318,0.807541814
7525,42,10,0.883968429,0.781734721
7526,31,20,0.859019363,0.805217838
7527,33,17,0.857068392,0.780128407
7528,32,10,0.859422244,0.77988242
7530,34,11,0.857068392,0.780128407
7531,33,14,0.857068392,0.780128407
7532,33,14,0.855439953,0.776180962
7533,34,9,0.887470756,0.78055755
7534,34,10,0.857068392,0.780128407
7535,34,10,0.85689139,0.779298545
7536,46,11,0.900256726,0.848818461
7538,34,10,0.857068392,0.780128407
7539,32,10,0.88508419,0.795246931
7540,33,10,0.857068392,0.780128407
7541,35,10,0.844437745,0.655513647
7542,33,12,0.857202798,0.775967114
7543,33,12,0.895596926,0.820575246
7544,34,11,0.857068392,0.780128407
7545,33,13,0.860412448,0.78617737
7546,34,14,0.894638796,0.825955512
7548,38,9,0.896032571,0.831345435
7549,34,13,0.851998381,0.766439695
7550,56,21,0.859220608,0.782688952
7552,32,16,0.867039638,0.792521384
7554,51,24,0.858871859,0.781172575
7555,55,13,0.857068392,0.780128407
7556,33,19,0.85759946,0.781709972
7558,33,16,0.857068392,0.780128407
7560,33,12,0.860509272,0.76308921
7562,33,10,0.847609758,0.765167512
7563,32,16,0.857068392,0.780128407
7565,34,10,0.894631173,0.824535288
7566,34,13,0.894924299,0.828250118
7567,32,12,0.855139622,0.766477431
7568,34,13,0.899045658,0.841888286
7569,43,10,0.857068392,0.780128407
7571,32,11,0.858020604,0.782343194
7572,34,11,0.85687502,0.779339268
7573,37,11,0.896682541,0.831912537
7574,36,12,0.857068392,0.780128407
7575,34,14,0.858026651,0.782322047
7576,33,12,0.828982044,0.727608675
7578,47,11,0.842431595,0.789578205
7579,33,15,0.858432825,0.782240765
7580,33,17,0.895581864,0.827628669
7581,33,14,0.859856277,0.784117215
7582,34,10,0.856002909,0.777290225
7584,34,10,0.894769888,0.827881944
7585,41,16,0.834053227,0.729520902
7587,33,16,0.857576117,0.781592195
7588,76,16,0.891710138,0.815701639
7589,35,11,0.857482499,0.781105719
7590,58,13,0.857068392,0.780128407
7591,34,10,0.887690273,0.799299766
7592,33,11,0.859452993,0.78520153
7593,33,15,0.862688375,0.749783045
7596,33,12,0.857751807,0.770014861
7597,33,11,0.894785836,0.826938912
7598,32,11,0.894355335,0.823862689
7599,32,14,0.857068392,0.780128407
7600,34,9,0.856328751,0.779245599
7602,33,10,0.896513926,0.837788444
7603,34,24,0.857068392,0.780128407
7604,42,10,0.857068392,0.780128407
7605,39,11,0.857068392,0.780128407
7606,34,10,0.857587901,0.778687828
7607,33,12,0.859973391,0.785606415
7608,36,12,0.859717032,0.781535558
7609,33,16,0.857068392,0.780128407
7610,66,15,0.857979928,0.781789087
7611,33,20,0.866748359,0.782969471
7612,35,16,0.853176685,0.774735892
7613,32,10,0.843504329,0.780015655
7614,32,11,0.857068392,0.780128407
7615,33,12,0.857068392,0.780128407
7616,33,10,0.857068392,0.780128407
7617,32,18,0.894769888,0.827881944
7618,34,11,0.853179678,0.753397677
7619,34,11,0.857068392,0.780128407
7621,33,12,0.856813474,0.777847518
7624,33,20,0.857068392,0.780128407
7625,34,10,0.857068392,0.780128407
7626,33,12,0.857068392,0.780128407
7627,35,17,0.867840869,0.792284757
7628,34,12,0.85687502,0.779339268
7629,70,12,0.857068392,0.780128407
7631,33,10,0.856687025,0.777585423
7632,33,15,0.896401947,0.839030338
7633,32,16,0.86853628,0.792843552
7634,44,12,0.861346097,0.783996663
7635,33,12,0.857068392,0.780128407
7636,32,10,0.838109743,0.802640404
7637,34,15,0.85721364,0.780791664
7638,34,13,0.857068392,0.780128407
7640,34,13,0.860312699,0.784278136
7641,34,17,0.856595451,0.779044862
7642,39,10,0.856327597,0.778487819
7643,34,10,0.857798038,0.78114697
7644,44,9,0.894970817,0.827949817
7646,43,10,0.857068392,0.780128407
7647,32,13,0.857443621,0.780537867
7648,44,10,0.89460512,0.828492021
7649,34,11,0.866968453,0.800943383
7650,31,12,0.857020714,0.778141086
7651,33,10,0.903324771,0.855832328
7652,33,18,0.857527894,0.781499074
7654,34,9,0.859761383,0.783493083
7655,33,11,0.818229027,0.707701471
7656,34,13,0.835786404,0.748924442
7657,46,10,0.743632295,0.770704121
7659,31,11,0.857068392,0.780128407
7660,33,12,0.843260481,0.779933526
7661,35,13,0.89415697,0.804308216
7662,34,10,0.847062366,0.775124861
7664,32,10,0.893179634,0.815622088
7665,33,10,0.836426011,0.732021294
7667,38,12,0.857420604,0.780913194
7669,33,12,0.867840869,0.792284757
7670,34,10,0.88685624,0.814578541
7671,33,9,0.895441061,0.823245943
7672,68,15,0.856594945,0.779037601
7673,35,11,0.85665561,0.778112651
7674,33,10,0.827441017,0.741871366
7675,38,12,0.857736779,0.779266745
7676,34,17,0.858718038,0.78177697
7677,33,11,0.853393429,0.779951749
7678,34,10,0.893567638,0.820029147
7679,33,10,0.894954706,0.826545928
7680,32,13,0.857068392,0.780128407
7681,34,10,0.861695035,0.792227847
7682,33,12,0.835090473,0.767404837
7683,36,11,0.857443621,0.780537867
7686,33,11,0.857068392,0.780128407
7687,36,13,0.849359639,0.760302789
7688,33,12,0.860945183,0.777756669
7689,33,12,0.894648776,0.827559931
7690,33,19,0.857068392,0.780128407
7691,32,14,0.896760594,0.826015575
7692,34,11,0.886956772,0.824573411
7694,34,12,0.868353557,0.798523566
7696,33,14,0.858340085,0.781612472
7697,34,11,0.894368948,0.825872008
7698,50,15,0.857851866,0.781145187
7699,34,11,0.857068392,0.780128407
7701,90,10,0.857068392,0.780128407
7702,33,14,0.896841727,0.740607874
7703,51,12,0.896386425,0.843485815
7704,33,9,0.854815931,0.771954237
7705,32,17,0.847170724,0.755062922
7706,33,12,0.856536627,0.777400449
7707,34,11,0.85651977,0.780015548
7710,31,17,0.885565678,0.778102278
7711,46,14,0.85687502,0.779339268
7713,33,17,0.85670673,0.782450687
7714,34,12,0.859922645,0.782120214
7715,33,12,0.857803944,0.792519766
7716,44,10,0.85359615,0.773328721
7717,32,13,0.857068392,0.780128407
7718,33,10,0.898205023,0.838429284
7719,33,11,0.857316178,0.781780963
7720,33,13,0.890025044,0.81659166
7721,41,17,0.898125891,0.839409015
7722,34,16,0.858491844,0.782004856
7723,33,17,0.855932557,0.777124659
7724,33,10,0.857175463,0.77697882
7725,34,12,0.857068392,0.780128407
7726,43,9,0.896138188,0.828238045
7728,34,14,0.869245706,0.795568073
7729,48,11,0.876812566,0.825353309
7731,33,11,0.886594328,0.860572554
7732,33,10,0.857068392,0.780128407
7736,33,12,0.857068392,0.780128407
7737,33,12,0.893631523,0.827964424
7738,35,9,0.85302626,0.787402971
7739,34,12,0.85630153,0.78046288
7740,33,11,0.895350245,0.825232601
7741,31,13,0.857068392,0.780128407
7742,34,9,0.857068392,0.780128407
7743,34,10,0.857068392,0.780128407
7745,34,12,0.846544006,0.760386576
7746,33,9,0.892737663,0.829715882
7748,50,15,0.889652193,0.825113268
7749,34,12,0.857443621,0.780537867
7751,33,15,0.902620137,0.85171623
7752,33,13,0.898796188,0.830133564
7753,38,10,0.857068392,0.780128407
7754,33,10,0.899193756,0.827119355
7756,42,11,0.857068392,0.780128407
7757,34,13,0.858175457,0.783225458
7758,37,14,0.786455636,0.729820407
7759,33,13,0.859220608,0.782688952
7760,33,11,0.850055267,0.785631665
7761,33,24,0.766288088,0.764165462
7762,34,15,0.894288186,0.824588144
7763,33,10,0.903220811,0.833342327
7769,33,10,0.860908242,0.785725615
7770,38,9,0.85552147,0.780118665
7771,30,10,0.8589213,0.783876297
7772,34,15,0.857068392,0.780128407
7773,34,11,0.857068392,0.780128407
7774,34,10,0.846798201,0.759376378
7775,38,11,0.857068392,0.780128407
7777,32,11,0.889771594,0.81868524
7780,41,12,0.864470774,0.790538678
7782,34,19,0.863292755,0.802200382
7783,44,11,0.857068392,0.780128407
7784,34,12,0.857068392,0.780128407
7785,33,10,0.896354455,0.838905177
7786,32,9,0.894666079,0.818032284
7787,33,15,0.84827892,0.770719869
7788,31,10,0.862395924,0.779382201
7789,34,10,0.857068392,0.780128407
7792,34,10,0.889848923,0.827701492
7793,51,13,0.857068392,0.780128407
7795,33,12,0.881644036,0.800746847
7799,33,10,0.866542079,0.791853002
7800,33,16,0.856796567,0.780325812
7801,40,12,0.740760465,0.6676216
7802,33,10,0.857974689,0.782119432
7803,34,10,0.894209554,0.811032409
7804,34,11,0.857068392,0.780128407
7805,32,10,0.856154385,0.779286317
7806,32,11,0.87932318,0.807541814
7807,33,11,0.89683791,0.827581959
7808,34,15,0.894898491,0.828032216
7809,32,17,0.853732373,0.772084639
7811,35,10,0.843188077,0.764057313
7812,52,11,0.854039901,0.774490879
7813,33,14,0.905203489,0.832942242
7815,32,14,0.865698732,0.804445478
7816,54,12,0.843255091,0.758762783
7817,33,15,0.857068392,0.780128407
7818,40,12,0.894708748,0.830548977
7819,32,16,0.855762889,0.779627456
7820,44,15,0.857068392,0.780128407
7821,30,13,0.85687502,0.779339268
7822,33,10,0.85945586,0.740062884
7823,33,14,0.85687064,0.778308475
7824,32,9,0.858202145,0.781844282
7825,34,14,0.859022856,0.78086902
7826,33,10,0.84760301,0.744566898
7828,32,13,0.857068392,0.780128407
7830,33,13,0.857068392,0.780128407
7831,32,10,0.862164687,0.785213694
7832,34,13,0.867728057,0.79684865
7833,31,14,0.861346097,0.783996663
7834,34,11,0.898029496,0.825344297
7835,34,9,0.855741781,0.776466715
7837,33,12,0.85356173,0.776645687
7838,34,10,0.857068392,0.780128407
7839,33,10,0.857683848,0.779262934
7840,35,10,0.857068392,0.780128407
7841,49,14,0.895664686,0.830189398
7842,34,12,0.894774397,0.82741632
7844,30,14,0.895064608,0.831970989
7846,34,9,0.774434594,0.717844028
7848,33,10,0.85342893,0.758335105
7849,33,10,0.857068392,0.780128407
7851,32,10,0.893543714,0.825816007
7852,31,10,0.857068392,0.780128407
7853,40,10,0.842120106,0.76819557
7854,32,12,0.857068392,0.780128407
7856,33,11,0.857068392,0.780128407
7858,55,10,0.860344525,0.789756133
7861,33,16,0.863090979,0.800715593
7862,38,9,0.888931746,0.81221874
7863,50,12,0.787830563,0.588165885
7865,32,10,0.897822736,0.806155577
7867,33,13,0.857068392,0.780128407
7868,33,13,0.899977399,0.831966449
7869,33,12,0.857851866,0.781145187
7872,37,10,0.852058965,0.773214023
7873,47,12,0.863979968,0.777381248
7874,32,12,0.867066775,0.792483718
7875,33,10,0.857068392,0.780128407
7878,34,10,0.899611349,0.830072319
7879,33,9,0.857068392,0.780128407
7880,48,19,0.857068392,0.780128407
7883,34,12,0.897091177,0.831341158
7884,34,11,0.893021254,0.820252106
7885,41,10,0.85741937,0.780755555
7886,34,11,0.894090323,0.822369889
7887,34,9,0.857068392,0.780128407
7888,33,10,0.86765104,0.794784126
7889,34,15,0.858057461,0.776434854
7890,34,14,0.845690724,0.760382922
7891,34,10,0.862722133,0.783133261
7892,39,12,0.852984736,0.771684692
7893,32,12,0.897072679,0.829386174
7894,33,15,0.892851061,0.82173261
7895,32,10,0.762071684,0.71587368
7896,71,33,0.778787343,0.626355234
7897,33,10,0.855484555,0.777959651
7898,35,10,0.857068392,0.780128407
7899,33,11,0.890352917,0.822535934
7901,31,28,0.859761383,0.783493083
7902,33,11,0.857068392,0.780128407
7903,34,11,0.857068392,0.780128407
7904,33,10,0.850705097,0.750232777
7906,33,11,0.857068392,0.780128407
7907,34,15,0.866633718,0.782069168
7908,51,12,0.894924299,0.828250118
7909,32,11,0.857068392,0.780128407
7910,34,17,0.894128793,0.833800961
7912,31,11,0.895213843,0.821865206
7913,32,11,0.863194415,0.786144548
7915,34,13,0.857068392,0.780128407
7916,33,13,0.890309578,0.824080485
7917,33,11,0.857068392,0.780128407
7918,34,10,0.857068392,0.780128407
7919,32,11,0.897769968,0.844981994
7920,33,19,0.857068392,0.780128407
7921,34,12,0.897964523,0.832868267
7923,33,9,0.839260487,0.73290033
7925,32,14,0.857068392,0.780128407
7926,31,12,0.895812732,0.838429705
7927,33,13,0.858163094,0.779941106
7928,33,10,0.857068392,0.780128407
7929,51,10,0.857068392,0.780128407
7930,33,10,0.857068392,0.780128407
7931,33,12,0.857068392,0.780128407
7933,33,11,0.895998779,0.825462297
7935,34,9,0.895368612,0.836345526
7936,32,13,0.89565408,0.828123742
7939,33,13,0.89552499,0.816904497
7940,33,15,0.857804144,0.78236824
7941,45,12,0.857803944,0.792519766
7942,38,10,0.858723731,0.777995178
7944,34,12,0.894898491,0.828032216
7945,46,13,0.856392798,0.767127114
7946,33,15,0.81036364,0.676636937
7947,34,11,0.849685628,0.770694457
7948,32,10,0.837799309,0.742601771
7951,32,12,0.895792893,0.829855926
7952,33,11,0.893771688,0.818339616
7953,34,25,0.840864329,0.778656905
7954,34,10,0.857068392,0.780128407
7955,33,10,0.86765104,0.794784126
7956,34,13,0.856795469,0.785120718
7957,34,13,0.892930345,0.820250572
7958,33,16,0.894648776,0.827559931
7959,34,10,0.857068392,0.780128407
7961,34,11,0.883108446,0.748707545
7962,33,19,0.857482499,0.781105719
7963,34,12,0.857068392,0.780128407
7964,33,11,0.857068392,0.780128407
7967,33,16,0.856206567,0.777585812
7969,33,12,0.859777764,0.784355479
7970,82,24,0.890313161,0.825984967
7972,33,10,0.85303164,0.77310687
7973,33,11,0.86153135,0.784472336
7975,43,11,0.857068392,0.780128407
7976,32,9,0.857068392,0.780128407
7977,51,32,0.842431595,0.789578205
7980,47,10,0.870574381,0.773809267
7981,59,12,0.857068392,0.780128407
7983,32,16,0.86143717,0.781866355
7984,35,12,0.857068392,0.780128407
7985,34,12,0.857068392,0.780128407
7986,33,15,0.886178298,0.728019864
7987,32,18,0.8498804,0.771859871
7988,41,14,0.857068392,0.780128407
7990,33,11,0.857068392,0.780128407
7991,33,10,0.750263109,0.642681783
7992,32,10,0.836297462,0.741777761
7993,33,10,0.859072026,0.784902141
7994,32,18,0.896841649,0.832007805
7995,30,22,0.859220608,0.782688952
7996,34,12,0.857068392,0.780128407
7997,50,12,0.857068392,0.780128407
7998,48,10,0.848480779,0.766929106
7999,34,17,0.85682153,0.77864288
8000,34,10,0.855843433,0.773507923
8001,54,15,0.899130697,0.779529515
8002,33,12,0.855003916,0.773818529
8004,34,12,0.854570649,0.774019026
8008,33,16,0.894986564,0.838140689
8009,33,11,0.866693406,0.796411455
8010,33,15,0.88434855,0.764532267
8012,39,10,0.862911883,0.791663462
8013,33,16,0.857068392,0.780128407
8014,33,10,0.819705562,0.718650189
8015,33,18,0.865917986,0.793854614
8016,34,12,0.892221321,0.826024313
8018,33,12,0.859761633,0.783720776
8019,34,14,0.854842636,0.775115051
8021,35,11,0.851917313,0.756775821
8022,34,9,0.893318871,0.840367124
8023,33,15,0.889731865,0.796773488
8024,55,16,0.86765104,0.794784126
8026,33,15,0.852680524,0.782901315
8027,42,9,0.905156353,0.852263112
8028,33,11,0.896647699,0.827601747
8029,32,16,0.857068392,0.780128407
8030,33,11,0.86586266,0.789943555
8032,32,10,0.861225439,0.790774534
8033,59,10,0.857068392,0.780128407
8035,34,18,0.894269034,0.817530618
8036,32,11,0.865379027,0.770761337
8037,59,16,0.860034569,0.7907549
8038,33,15,0.857068392,0.780128407
8040,33,18,0.883626738,0.763566538
8041,32,18,0.858563117,0.80859544
8042,32,12,0.857068392,0.780128407
8043,34,11,0.802786669,0.76482932
8044,33,13,0.900321092,0.829205268
8045,32,17,0.856541553,0.775360845
8047,32,11,0.819349658,0.731598647
8048,33,18,0.858099771,0.782674191
8049,33,13,0.865593547,0.788526052
8050,32,10,0.85622673,0.780844533
8051,33,13,0.894648776,0.827559931
8052,33,11,0.857863654,0.779862709
8054,32,10,0.86816822,0.798643524
8056,37,13,0.857068392,0.780128407
8057,34,15,0.889329333,0.815516673
8058,62,24,0.864121207,0.780374742
8059,33,12,0.859037794,0.783007077
8060,57,17,0.860538101,0.781254741
8061,38,11,0.85665561,0.778112651
8062,33,13,0.857068392,0.780128407
8063,79,19,0.85625977,0.780225548
8064,33,10,0.895692992,0.748134478
8065,33,11,0.867617405,0.80153367
8066,41,12,0.856677648,0.764645262
8067,32,11,0.85689139,0.779298545
8068,33,10,0.89469568,0.834576161
8069,34,11,0.856674481,0.77555071
8071,33,10,0.86765104,0.794784126
8072,55,35,0.849142366,0.770174861
8073,32,13,0.863804637,0.787424092
8074,32,17,0.891668316,0.762157326
8075,33,13,0.860478929,0.779542988
8076,52,12,0.869963429,0.799984725
8077,33,10,0.904273533,0.889701429
8078,33,17,0.893310478,0.854143952
8079,35,10,0.895064608,0.831970989
8080,34,10,0.894841565,0.826797772
8081,32,11,0.857068392,0.780128407
8082,34,16,0.824938527,0.739381106
8084,34,14,0.85565977,0.778725548
8085,33,10,0.856528794,0.775913535
8086,50,15,0.903786958,0.849339655
8087,33,11,0.856943721,0.780673089
8088,33,11,0.866968453,0.800943383
8089,33,10,0.895196762,0.827150448
8090,32,12,0.855131822,0.774260622
8091,34,12,0.857443621,0.780537867
8092,33,14,0.89226902,0.823503781
8095,34,10,0.852860665,0.775580213
8096,32,14,0.857068392,0.780128407
8097,42,13,0.859100358,0.782812963
8098,34,11,0.856225304,0.741950607
8100,33,10,0.894294167,0.830372863
8101,97,34,0.843719585,0.733643135
8102,32,10,0.857068392,0.780128407
8103,33,10,0.894017575,0.826520876
8104,33,11,0.857068392,0.780128407
8105,34,16,0.854928935,0.773215404
8108,32,10,0.857068392,0.780128407
8109,86,22,0.891646609,0.815546541
8110,33,13,0.857068392,0.780128407
8111,34,13,0.866391841,0.805327223
8112,33,10,0.857443621,0.780537867
8113,35,10,0.857068392,0.780128407
8114,32,16,0.895064608,0.831970989
8115,33,11,0.893353143,0.827625074
8118,34,13,0.853290197,0.774479294
8120,33,11,0.85687502,0.779339268
8121,32,16,0.857068392,0.780128407
8122,34,12,0.857068392,0.780128407
8123,30,9,0.872115746,0.798816932
8124,32,10,0.857068392,0.780128407
8126,33,12,0.861215433,0.782596376
8127,33,13,0.867288196,0.792898227
8128,33,15,0.896472495,0.840010649
8131,34,11,0.897990094,0.844201719
8132,51,13,0.857068392,0.780128407
8134,33,13,0.855011613,0.776876105
8136,35,10,0.8958233,0.838740693
8137,33,15,0.854797313,0.776172663
8138,33,13,0.857443621,0.780537867
8140,33,11,0.85626473,0.776023334
8142,33,9,0.857068392,0.780128407
8145,33,16,0.857068392,0.780128407
8146,45,17,0.893780085,0.822786418
8147,34,13,0.859761383,0.783493083
8149,34,10,0.857394218,0.776233939
8150,34,17,0.857068392,0.780128407
8151,33,11,0.859627964,0.810843125
8152,45,22,0.857393817,0.775044908
8153,33,10,0.857068392,0.780128407
8155,65,10,0.857068392,0.780128407
8156,34,11,0.738574236,0.664866839
8157,31,13,0.857443621,0.780537867
8158,33,10,0.859405275,0.783175143
8159,34,11,0.867728057,0.79684865
8161,35,12,0.891603689,0.823664415
8162,33,10,0.860211721,0.782912572
8163,32,22,0.857068392,0.780128407
8165,36,10,0.856002909,0.777290225
8166,33,11,0.893381184,0.826267625
8167,34,10,0.869509058,0.793516017
8168,54,16,0.857068392,0.780128407
8169,33,12,0.85529084,0.778522305
8170,33,9,0.85759946,0.781709972
8171,33,9,0.85356173,0.776645687
8172,34,16,0.856733845,0.773163241
8174,33,13,0.857068392,0.780128407
8175,50,29,0.857068392,0.780128407
8178,33,28,0.857068392,0.780128407
8179,38,14,0.856066745,0.779031212
8180,33,14,0.857068392,0.780128407
8181,33,10,0.857678862,0.782325489
8182,33,11,0.857068392,0.780128407
8184,34,9,0.893913115,0.83564154
8185,34,10,0.856327597,0.778487819
8186,34,10,0.85687064,0.778308475
8187,52,10,0.859220608,0.782688952
8188,34,13,0.857068392,0.780128407
8189,33,9,0.857068392,0.780128407
8190,33,12,0.856781167,0.776875306
8191,45,20,0.846544006,0.760386576
8192,32,10,0.858000377,0.773353113
8193,53,10,0.857068392,0.780128407
8194,33,16,0.895962014,0.823772109
8195,33,24,0.895602618,0.868889063
8196,55,16,0.856733845,0.773163241
8197,43,11,0.854691193,0.770932896
8198,33,9,0.857068392,0.780128407
8199,33,11,0.898893288,0.83113934
8200,77,18,0.857068392,0.780128407
8201,55,13,0.858040604,0.782343194
8202,34,14,0.867915172,0.787944799
8205,33,11,0.90060885,0.836304754
8206,32,11,0.879778904,0.824633109
8207,32,12,0.857068392,0.780128407
8208,37,11,0.857068392,0.780128407
8209,34,16,0.85687502,0.779339268
8210,34,11,0.851159659,0.7640307
8211,34,12,0.857068392,0.780128407
8214,32,14,0.898223044,0.828431439
8215,33,13,0.85552147,0.780118665
8216,34,11,0.857316178,0.781780963
8217,33,11,0.857394218,0.776233939
8218,33,10,0.855186147,0.77738907
8219,43,10,0.857068392,0.780128407
8220,33,14,0.866968453,0.800943383
8221,52,11,0.85991717,0.784096355
8222,34,12,0.854950828,0.775370685
8224,34,11,0.857068392,0.780128407
8225,33,13,0.854726379,0.77739088
8226,32,13,0.857068392,0.780128407
8227,33,10,0.843544384,0.722657599
8228,35,14,0.844184114,0.752706596
8229,34,14,0.857068392,0.780128407
8230,33,14,0.859100358,0.782812963
8231,34,11,0.884242931,0.769140167
8233,34,11,0.855602425,0.764330666
8234,31,10,0.857068392,0.780128407
8235,32,11,0.857068392,0.780128407
8236,35,15,0.867781214,0.795216798
8238,33,12,0.85652977,0.778365548
8239,32,13,0.860160665,0.782693943
8240,43,11,0.857068392,0.780128407
8241,50,19,0.856026567,0.778645812
8243,34,13,0.868714995,0.798771855
8245,34,11,0.849029358,0.766994792
8246,34,9,0.858652901,0.782564078
8247,31,10,0.887540504,0.742365264
8249,33,11,0.856086647,0.782158044
8251,34,9,0.859761383,0.783493083
8252,35,11,0.894308634,0.833259561
8253,45,12,0.894434733,0.820074798
8254,33,9,0.83708582,0.730883407
8256,33,13,0.857068392,0.780128407
8259,34,9,0.86842173,0.783043552
8260,33,9,0.752187179,0.70642122
8261,33,12,0.857233874,0.780243807
8263,33,14,0.857851866,0.781145187
8265,33,11,0.857068392,0.780128407
8266,31,13,0.857068392,0.780128407
8267,34,14,0.857068392,0.780128407
8268,34,9,0.8598788,0.784482963
8269,42,13,0.87415308,0.820948227
8271,34,10,0.857068392,0.780128407
8272,37,13,0.898920418,0.84428293
8274,34,13,0.857068392,0.780128407
8275,30,12,0.869051265,0.801385256
8276,33,17,0.854674481,0.77739071
8277,33,15,0.857068392,0.780128407
8279,33,13,0.884994647,0.809475584
8280,33,11,0.854041648,0.77705694
8282,48,16,0.840213831,0.772229966
8283,33,10,0.89810116,0.832236524
8284,34,12,0.899092343,0.831988893
8286,33,10,0.857068392,0.780128407
8287,42,10,0.853451217,0.768231224
8288,32,18,0.857068392,0.780128407
8289,33,13,0.860039476,0.779837327
8290,49,12,0.848582816,0.757682149
8291,34,11,0.857068392,0.780128407
8292,34,10,0.866781968,0.786442977
8293,33,13,0.831911527,0.750770856
8294,34,18,0.857068392,0.780128407
8295,31,17,0.878992871,0.8036525
8296,34,12,0.866835141,0.779490753
8297,32,13,0.894619524,0.826219374
8299,33,14,0.867728442,0.793655729
8300,33,13,0.890224381,0.828917339
8301,39,10,0.86345379,0.791411236
8303,33,12,0.859100358,0.782812963
8304,33,13,0.857068392,0.780128407
8305,32,14,0.857428618,0.777350083
8306,35,10,0.857068392,0.780128407
8308,33,16,0.895685491,0.828710097
8309,33,10,0.860840436,0.767621259
8310,33,12,0.867605865,0.74621546
8311,32,10,0.857068392,0.780128407
8313,33,10,0.857068392,0.780128407
8314,33,21,0.867405985,0.794807338
8316,42,11,0.857068392,0.780128407
8317,40,13,0.892770363,0.813831552
8318,32,17,0.801216945,0.739696782
8319,33,10,0.857068392,0.780128407
8322,38,14,0.856422666,0.78014605
8323,60,25,0.858855434,0.780433844
8324,32,19,0.86933378,0.792901052
8325,33,9,0.897017304,0.827795841
8326,34,9,0.867868482,0.79275262
8327,33,11,0.859602702,0.786101126
8328,34,11,0.896026003,0.841474924
8329,34,23,0.857068392,0.780128407
8330,32,12,0.863533445,0.785700259
8331,34,16,0.870809825,0.799075108
8333,34,10,0.842248069,0.742749759
8334,33,12,0.856893349,0.778334189
8335,33,11,0.895781689,0.823833579
8336,33,10,0.857068392,0.780128407
8337,34,10,0.857068392,0.780128407
8338,33,10,0.828311149,0.723429799
8339,34,11,0.85529084,0.778522305
8341,33,11,0.84729276,0.734857805
8344,31,12,0.857068392,0.780128407
8345,33,11,0.80670326,0.669559154
8346,34,12,0.854674481,0.77739071
8347,34,9,0.835208977,0.752909605
8348,37,14,0.857068392,0.780128407
8349,33,10,0.858571512,0.78188375
8350,41,14,0.898412325,0.827164374
8351,33,13,0.893817731,0.824284873
8352,33,13,0.857853646,0.771719167
8353,46,12,0.857068392,0.780128407
8354,34,10,0.857068392,0.780128407
8355,34,11,0.857068392,0.780128407
8356,31,10,0.857068392,0.780128407
8357,33,12,0.903091012,0.846561713
8358,31,11,0.857068392,0.780128407
8359,33,11,0.857068392,0.780128407
8360,34,12,0.858116288,0.726938725
8361,32,16,0.893317739,0.820112339
8363,33,11,0.859761383,0.783493083
8364,35,16,0.859100358,0.782812963
8365,34,14,0.858968038,0.77995697
8366,34,12,0.857482499,0.781105719
8367,33,11,0.757008315,0.808257772
8368,51,13,0.857068392,0.780128407
8369,32,11,0.857068392,0.780128407
8371,33,15,0.894333882,0.830460931
8374,34,16,0.857068392,0.780128407
8375,43,10,0.867813292,0.794487201
8377,33,14,0.847821422,0.769652459
8378,33,16,0.857443621,0.780537867
8379,39,11,0.857068392,0.780128407
8380,33,11,0.858572124,0.780320458
8381,33,9,0.857770799,0.782894894
8382,33,12,0.892737663,0.829715882
8383,33,10,0.892621547,0.822092629
8384,32,10,0.860599775,0.784065601
8385,33,10,0.893653719,0.827423743
8386,36,10,0.819231133,0.810476975
8387,34,12,0.856596651,0.780892047
8389,31,11,0.857068392,0.780128407
8390,33,28,0.895051074,0.826862098
8394,34,19,0.897318231,0.836759473
8395,45,22,0.857068392,0.780128407
8396,31,9,0.857068392,0.780128407
8397,45,10,0.840205016,0.779842491
8398,52,10,0.867781214,0.795216798
8399,37,11,0.894648776,0.827559931
8400,34,10,0.870574381,0.773809267
8401,33,11,0.857778724,0.775666016
8402,33,15,0.857394218,0.776233939
8403,33,13,0.857068392,0.780128407
8405,34,11,0.844390304,0.74609991
8406,46,10,0.89489513,0.824684522
8407,33,10,0.892203358,0.794464143
8409,49,13,0.860004082,0.783705732
8410,43,11,0.859100358,0.782812963
8414,33,13,0.894744062,0.818042265
8415,31,9,0.854950828,0.775370685
8420,32,10,0.894105642,0.83936025
8421,33,12,0.75381575,0.707428648
8422,39,11,0.857068392,0.780128407
8423,34,12,0.894924299,0.828250118
8425,34,10,0.871400711,0.793087657
8426,32,11,0.892851789,0.828369397
8427,33,19,0.857068392,0.780128407
8428,34,17,0.854819729,0.780164805
8429,33,14,0.894954706,0.826545928
8430,32,13,0.857068392,0.780128407
8433,33,11,0.855248764,0.776374205
8434,33,9,0.857068392,0.780128407
8435,33,12,0.860869716,0.789757679
8436,91,21,0.856858618,0.777040083
8437,47,20,0.857800138,0.75467458
8438,32,11,0.895122606,0.825645341
8439,34,10,0.858998038,0.78114697
8441,34,13,0.856280181,0.778827341
8442,35,18,0.857068392,0.780128407
8443,34,12,0.857068392,0.780128407
8444,34,10,0.857482499,0.781105719
8446,36,11,0.854998276,0.774969312
8447,33,11,0.857068392,0.780128407
8448,34,14,0.854950828,0.775370685
8449,33,10,0.854691193,0.770932896
8451,51,11,0.857068392,0.780128407
8452,32,10,0.896482679,0.826056174
8453,34,11,0.859100358,0.782812963
8454,33,13,0.907577686,0.733558659
8455,32,11,0.901522119,0.840801183
8456,32,14,0.894643903,0.833160128
8458,33,9,0.855265706,0.770031306
8459,34,9,0.87932318,0.807541814
8461,32,11,0.857068392,0.780128407
8464,34,10,0.760145854,0.707574884
8465,33,11,0.839865699,0.768815166
8466,34,10,0.859627741,0.782358882
8468,34,11,0.857068392,0.780128407
8470,34,16,0.899181192,0.834473891
8471,33,12,0.897084436,0.826597158
8472,33,10,0.857068392,0.780128407
8473,33,13,0.857068392,0.780128407
8474,33,14,0.89441832,0.815648617
8475,34,10,0.897369726,0.834984991
8476,33,10,0.897651625,0.830702019
8477,34,11,0.89489513,0.824684522
8478,71,22,0.900310451,0.835897304
8479,35,12,0.848250584,0.752637767
8480,40,10,0.888501924,0.792759241
8481,34,20,0.857068392,0.780128407
8482,33,27,0.868239857,0.796047066
8485,51,11,0.855484555,0.777959651
8487,83,22,0.859761383,0.783493083
8488,47,18,0.841137797,0.740897915
8489,34,12,0.85630153,0.78046288
8491,34,11,0.899810451,0.835609447
8492,33,11,0.857068392,0.780128407
8493,33,15,0.855292798,0.765677114
8494,33,12,0.857068392,0.780128407
8495,34,14,0.859288622,0.776020082
8496,33,9,0.857068392,0.780128407
8497,34,23,0.857068392,0.780128407
8498,32,15,0.789166511,0.654629923
8499,32,12,0.810056115,0.747828926
8500,34,11,0.893753743,0.821856265
8503,49,18,0.859302579,0.78006979
8504,32,14,0.858629899,0.779462551
8505,34,12,0.818961943,0.720079049
8506,35,12,0.857068392,0.780128407
8507,34,10,0.857519581,0.780822741
8508,34,14,0.89471664,0.825343951
8509,31,15,0.857068392,0.780128407
8510,33,14,0.859810985,0.782170393
8512,34,13,0.857068392,0.780128407
8513,33,13,0.800060991,0.747422261
8514,32,10,0.903209057,0.852514374
8515,33,13,0.849136808,0.749324094
8516,32,13,0.890308282,0.801348009
8517,50,10,0.856010972,0.776541647
8518,32,10,0.857068392,0.780128407
8520,33,14,0.864109851,0.762915271
8521,33,17,0.857926647,0.783978044
8522,33,11,0.896615619,0.831513132
8525,33,15,0.867720217,0.793874691
8526,32,11,0.857068392,0.780128407
8529,37,9,0.746489805,0.640870415
8530,33,20,0.853393429,0.779951749
8531,32,19,0.904355029,0.849776476
8532,32,11,0.857068392,0.780128407
8535,36,12,0.857068392,0.780128407
8538,33,14,0.869011653,0.791557794
8542,55,12,0.897417076,0.820510929
8543,32,20,0.857068392,0.780128407
8544,34,10,0.863292755,0.802200382
8545,33,10,0.85630153,0.78046288
8546,34,9,0.856595451,0.779044862
8547,33,10,0.857068392,0.780128407
8549,33,11,0.857068392,0.780128407
8550,32,12,0.894368948,0.825872008
8551,34,13,0.86723739,0.794341316
8552,33,11,0.857068392,0.780128407
8553,34,10,0.857068392,0.780128407
8554,34,11,0.855630555,0.77573129
8556,35,10,0.857068392,0.780128407
8557,34,13,0.857068392,0.780128407
8558,33,10,0.833671465,0.755478702
8560,32,11,0.896783167,0.836179312
8561,55,14,0.857068392,0.780128407
8562,33,12,0.855715815,0.783608989
8563,33,12,0.857068392,0.780128407
8565,33,12,0.858482429,0.783217878
8566,50,19,0.857068392,0.780128407
8568,34,12,0.893335338,0.817774003
8572,32,16,0.857068392,0.780128407
8573,32,10,0.856205456,0.778275812
8575,33,9,0.860344525,0.789756133
8576,49,12,0.857068392,0.780128407
8577,34,9,0.897243695,0.825603411
8578,31,14,0.857068392,0.780128407
8579,33,14,0.86102312,0.783867566
8580,33,11,0.854140841,0.76792515
8581,35,10,0.857443621,0.780537867
8582,33,10,0.85759327,0.777782483
8583,34,11,0.894769608,0.833244561
8584,33,10,0.854726379,0.77739088
8585,34,12,0.857808038,0.78068697
8586,33,12,0.861759561,0.778279548
8587,33,15,0.857068392,0.780128407
8588,34,10,0.862088671,0.785687138
8590,33,11,0.896124881,0.828887529
8591,33,11,0.894620939,0.826190577
8592,34,15,0.866099015,0.791233349
8593,32,10,0.85618327,0.777142483
8594,34,14,0.859740818,0.781706013
8595,33,12,0.857068392,0.780128407
8596,88,39,0.859405275,0.783175143
8597,32,12,0.857068392,0.780128407
8598,37,10,0.857068392,0.780128407
8600,41,15,0.857068392,0.780128407
8601,57,10,0.857068392,0.780128407
8602,37,10,0.851776832,0.774563404
8603,43,11,0.857482499,0.781105719
8604,31,10,0.855603678,0.776905395
8605,35,11,0.859088557,0.779710496
8606,43,15,0.859558514,0.774773467
8607,32,10,0.851071172,0.767191508
8609,37,10,0.900144372,0.760405619
8611,33,12,0.857068392,0.780128407
8613,34,12,0.82827462,0.699628257
8614,48,27,0.767031611,0.676294686
8615,33,13,0.887731239,0.818377555
8616,33,9,0.857068392,0.780128407
8618,33,12,0.897152117,0.836257376
8619,34,9,0.857068392,0.780128407
8621,56,9,0.859761383,0.783493083
8622,31,12,0.896481012,0.82158784
8623,36,11,0.857068392,0.780128407
8624,34,14,0.860468206,0.784653399
8625,86,18,0.894267459,0.830184732
8628,33,13,0.855105706,0.771701306
8629,31,10,0.856796567,0.780325812
8630,33,11,0.857068392,0.780128407
8631,85,18,0.857068392,0.780128407
8632,33,12,0.859391914,0.780919327
8633,34,11,0.859220608,0.782688952
8635,33,14,0.867308309,0.789331335
8636,33,12,0.848062217,0.773156618
8637,33,11,0.859220608,0.782688952
8638,32,9,0.859610621,0.788498981
8640,34,16,0.85759946,0.781709972
8641,33,11,0.857752889,0.782297456
8642,34,11,0.858269297,0.761279211
8643,33,14,0.859761383,0.783493083
8644,33,12,0.894339048,0.839241111
8646,32,10,0.813671744,0.706444913
8647,34,10,0.857068392,0.780128407
8648,33,12,0.868054416,0.797732843
8649,35,10,0.857068392,0.780128407
8650,32,16,0.894619524,0.826219374
8652,65,12,0.857068392,0.780128407
8653,38,10,0.857068392,0.780128407
8654,32,13,0.859421061,0.776735953
8655,34,10,0.895503196,0.829077012
8657,57,17,0.896533476,0.840902787
8658,37,13,0.857068392,0.780128407
8659,33,11,0.857068392,0.780128407
8660,55,10,0.85907088,0.782864463
8661,33,10,0.840606494,0.770455755
8663,32,12,0.858203094,0.781121106
8664,33,10,0.849142366,0.770174861
8665,34,15,0.898840974,0.838243305
8667,32,11,0.894683909,0.827157649
8668,33,10,0.852809426,0.767962714
8669,32,12,0.896554862,0.843197864
8670,33,12,0.855011613,0.776876105
8671,33,13,0.857068392,0.780128407
8672,34,10,0.896033147,0.820250309
8673,34,11,0.847856473,0.7735364
8674,48,17,0.857678862,0.782325489
8676,33,20,0.841107607,0.744141545
8677,51,9,0.857068392,0.780128407
8678,33,14,0.85759327,0.777782483
8679,34,13,0.858545152,0.772190137
8680,34,14,0.859174853,0.785930609
8683,39,16,0.847147646,0.757372534
8684,33,12,0.857068392,0.780128407
8685,34,13,0.857068392,0.780128407
8687,34,14,0.877764582,0.780838022
8689,34,10,0.894769888,0.827881944
8691,32,11,0.857068392,0.780128407
8692,33,23,0.890025044,0.81659166
8693,33,12,0.857068392,0.780128407
8694,34,18,0.89489513,0.824684522
8695,48,14,0.859405275,0.783175143
8696,39,10,0.857068392,0.780128407
8698,33,10,0.857068392,0.780128407
8700,33,16,0.833604904,0.723830082
8701,48,14,0.857068392,0.780128407
8702,33,11,0.856309248,0.775606443
8704,36,9,0.857068392,0.780128407
8705,33,11,0.875509476,0.761260817
8708,32,11,0.854721297,0.774206314
8709,34,10,0.856951116,0.780916017
8710,64,34,0.857068392,0.780128407
8711,33,9,0.895064608,0.831970989
8713,64,11,0.857068392,0.780128407
8714,32,9,0.857068392,0.780128407
8717,33,19,0.857068392,0.780128407
8718,34,9,0.856327597,0.778487819
8719,34,14,0.857443621,0.780537867
8720,35,12,0.857068392,0.780128407
8722,33,10,0.857007062,0.779679626
8723,33,14,0.859220608,0.782688952
8724,32,15,0.855767417,0.779728222
8725,33,13,0.855063348,0.778328262
8726,33,15,0.857068392,0.780128407
8727,50,13,0.885611847,0.830742162
8729,48,14,0.854726379,0.77739088
8730,45,10,0.892601753,0.822283512
8731,34,10,0.73959756,0.606946785
8732,34,11,0.857068392,0.780128407
8733,35,10,0.857068392,0.780128407
8734,41,10,0.857803944,0.792519766
8735,33,13,0.857068392,0.780128407
8736,34,13,0.857068392,0.780128407
8738,34,11,0.823720029,0.739215386
8739,33,13,0.867868482,0.79275262
8740,31,10,0.852712759,0.780545496
8741,33,17,0.867218601,0.681235224
8742,34,15,0.894371626,0.794227434
8743,33,11,0.894545727,0.827119449
8744,35,12,0.751655086,0.697545975
8746,33,10,0.846983611,0.777964247
8748,43,10,0.847062366,0.775124861
8749,33,14,0.855863103,0.775645131
8750,34,11,0.85652977,0.778365548
8751,34,10,0.857068392,0.780128407
8752,34,10,0.857068392,0.780128407
8753,34,10,0.857068392,0.780128407
8754,33,12,0.857068392,0.780128407
8755,88,39,0.89663065,0.825868053
8756,32,10,0.894769608,0.833244561
8757,33,12,0.857068392,0.780128407
8758,33,14,0.894648776,0.827559931
8759,32,9,0.857068392,0.780128407
8760,33,12,0.855478944,0.764759249
8762,31,10,0.857068392,0.780128407
8763,33,15,0.857068392,0.780128407
8764,34,14,0.857068392,0.780128407
8765,34,15,0.856858618,0.777040083
8766,32,10,0.857068392,0.780128407
8768,33,13,0.857068392,0.780128407
8770,32,16,0.856154385,0.779286317
8771,40,11,0.822141196,0.752315001
8772,33,14,0.859922645,0.782120214
8774,49,14,0.857527894,0.781499074
8775,32,12,0.857068392,0.780128407
8776,33,11,0.853056627,0.777525799
8778,34,10,0.857068392,0.780128407
8779,36,12,0.856646399,0.772951087
8780,32,10,0.894648776,0.827559931
8781,56,13,0.857068392,0.780128407
8782,32,12,0.859963123,0.787916323
8783,33,11,0.891491941,0.822373255
8784,34,16,0.857068392,0.780128407
8785,33,13,0.73719756,0.601016785
8786,35,12,0.859220608,0.782688952
8788,32,16,0.85723112,0.768766444
8789,32,12,0.849649764,0.766066767
8790,34,11,0.841440517,0.736821141
8791,31,14,0.857068392,0.780128407
8792,33,14,0.827604836,0.74309309
8794,33,11,0.858558322,0.772471818
8795,41,10,0.839703712,0.752159998
8796,32,11,0.857851866,0.781145187
8797,57,10,0.868560439,0.795444668
8799,34,9,0.897284475,0.835005538
8800,34,10,0.853048361,0.77606932
8802,33,10,0.893498912,0.834659903
8803,32,12,0.895476695,0.840216071
8804,33,19,0.857068392,0.780128407
8805,32,21,0.856154385,0.779286317
8806,33,20,0.867066775,0.792483718
8807,33,9,0.857068392,0.780128407
8808,34,15,0.890392741,0.828801082
8810,38,10,0.89474439,0.82733645
8811,33,16,0.892207304,0.813525548
8813,33,12,0.893890621,0.826277583
8814,34,11,0.858026651,0.782322047
8815,32,10,0.857068392,0.780128407
8816,34,14,0.857068392,0.780128407
8817,33,10,0.857068392,0.780128407
8818,32,12,0.860792053,0.782996897
8819,34,19,0.895607237,0.825313942
8820,34,10,0.854998276,0.774969312
8821,33,10,0.78260808,0.714536691
8822,32,13,0.869509058,0.793516017
8825,34,11,0.894017575,0.826520876
8826,72,28,0.857068392,0.780128407
8827,33,11,0.832140547,0.714602033
8828,33,14,0.894620939,0.826190577
8829,95,12,0.853749129,0.778359533
8830,34,15,0.857068392,0.780128407
8833,57,13,0.896330802,0.817679276
8834,34,14,0.852227136,0.7771142
8835,33,11,0.90374401,0.849746514
8837,47,11,0.857068392,0.780128407
8838,35,15,0.857482499,0.781105719
8840,33,13,0.859660018,0.784940171
8842,33,10,0.85652977,0.778365548
8843,56,25,0.85559371,0.780100125
8845,34,14,0.857068392,0.780128407
8846,34,17,0.894710106,0.834286763
8849,33,10,0.852116564,0.769914764
8851,32,9,0.83172352,0.744777978
8852,34,11,0.794938742,0.761239111
8853,34,11,0.894898491,0.828032216
8855,32,11,0.897176032,0.788268692
8856,32,10,0.857391545,0.768556116
8858,33,10,0.867066775,0.792483718
8859,32,12,0.852646521,0.773618398
8860,33,12,0.892840767,0.796479342
8861,34,12,0.857068392,0.780128407
8862,33,13,0.805496335,0.723967484
8863,35,12,0.857068392,0.780128407
8865,32,18,0.855239603,0.768902062
8866,33,10,0.894620939,0.826190577
8868,34,10,0.857068392,0.780128407
8869,37,10,0.85473323,0.773938671
8870,32,12,0.851567811,0.770645555
8871,32,12,0.85594072,0.727126911
8872,34,13,0.855319091,0.777036776
8873,34,10,0.846597416,0.7690405
8874,34,12,0.852454927,0.775177645
8875,36,16,0.89836218,0.819223767
8876,33,15,0.857068392,0.780128407
8877,34,10,0.86765104,0.794784126
8878,34,13,0.82743955,0.668330467
8879,45,14,0.8564504,0.779227027
8881,33,11,0.857068392,0.780128407
8883,33,16,0.857068392,0.780128407
8885,33,9,0.894924299,0.828250118
8887,34,11,0.857068392,0.780128407
8888,35,9,0.804337002,0.689921797
8889,33,10,0.866307218,0.793520445
8890,53,16,0.898083416,0.835195894
8891,33,11,0.851613152,0.770581658
8892,31,12,0.856541553,0.775360845
8893,33,10,0.771972806,0.707454379
8894,33,12,0.857068392,0.780128407
8895,34,10,0.857068392,0.780128407
8896,33,13,0.895197686,0.841828402
8897,33,14,0.892517997,0.832667803
8900,34,17,0.89868914,0.818828658
8902,33,12,0.855762889,0.779627456
8903,33,16,0.855135463,0.77686882
8904,48,16,0.857068392,0.780128407
8905,33,16,0.851305916,0.77804248
8906,31,12,0.853593013,0.775994249
8907,33,11,0.85729265,0.780416277
8909,34,15,0.827998055,0.736756327
8910,31,16,0.828722871,0.808707879
8911,55,16,0.865911079,0.798854595
8912,32,9,0.879390786,0.809213224
8913,67,23,0.857068392,0.780128407
8914,34,11,0.856653823,0.779731922
8915,34,13,0.894450781,0.799506483
8916,34,13,0.895469388,0.825116319
8918,56,16,0.893960496,0.796208742
8920,32,14,0.857068392,0.780128407
8923,33,12,0.796832919,0.703469579
8924,33,15,0.877792294,0.812053116
8926,32,13,0.857803944,0.792519766
8928,33,12,0.857068392,0.780128407
8929,34,10,0.892888832,0.829918714
8930,33,12,0.856034285,0.7751411
8931,33,9,0.857068392,0.780128407
8932,34,9,0.857068392,0.780128407
8933,33,11,0.857443621,0.780537867
8934,33,14,0.857443621,0.780537867
8935,33,11,0.871478042,0.804919829
8937,34,10,0.857068392,0.780128407
8938,42,10,0.85721364,0.780791664
8940,30,13,0.860840436,0.767621259
8942,33,11,0.857068392,0.780128407
8944,33,13,0.857068392,0.780128407
8945,33,15,0.857068392,0.780128407
8946,34,18,0.893805472,0.813726939
8948,33,16,0.857068392,0.780128407
8949,35,11,0.857068392,0.780128407
8950,34,10,0.853742322,0.77319434
8952,35,10,0.857068392,0.780128407
8953,33,12,0.857068392,0.780128407
8954,35,18,0.857068392,0.780128407
8955,34,12,0.857068392,0.780128407
8956,33,11,0.867576815,0.794574711
8957,34,13,0.887200382,0.783444086
8959,31,20,0.854426502,0.776500507
8960,45,14,0.86797172,0.797104313
8961,34,10,0.8597166,0.787058369
8962,33,11,0.858356246,0.785541185
8963,34,13,0.849189577,0.770765404
8964,33,10,0.857068392,0.780128407
8965,33,12,0.796156777,0.577510209
8967,32,12,0.894411789,0.824207584
8968,32,10,0.857068392,0.780128407
8969,33,13,0.857068392,0.780128407
8970,32,14,0.857068392,0.780128407
8972,31,14,0.861035531,0.779956196
8973,34,10,0.87007781,0.797781069
8974,35,11,0.895003473,0.829496951
8976,33,20,0.856094214,0.768885604
8977,35,11,0.858026651,0.782322047
8978,33,12,0.859277573,0.710543954
8979,38,11,0.857068392,0.780128407
8980,32,15,0.850825503,0.765856339
8981,33,22,0.859405275,0.783175143
8983,34,12,0.860230339,0.780968218
8984,33,17,0.867875197,0.793273878
8985,31,10,0.857068392,0.780128407
8986,37,10,0.868969965,0.798408299
8987,55,16,0.836114271,0.749385238
8988,33,14,0.857068392,0.780128407
8989,33,10,0.898840974,0.838243305
8990,47,11,0.894996391,0.830562944
8992,33,11,0.854042693,0.7793941
8994,34,11,0.858534528,0.774746813
8995,33,10,0.884897367,0.797570459
8997,32,12,0.849659659,0.7653907
8998,34,13,0.889879808,0.813118082
8999,34,9,0.857068392,0.780128407
9000,55,11,0.894648776,0.827559931
9001,34,22,0.857068392,0.780128407
9003,33,13,0.858595763,0.780510758
9004,32,10,0.863797434,0.787800515
9005,34,9,0.857624996,0.73542354
9006,50,17,0.893771688,0.818339616
9007,33,10,0.857068392,0.780128407
9008,32,11,0.860484105,0.789165194
9009,34,10,0.856460491,0.777529858
9010,31,10,0.860521418,0.783583716
9011,37,14,0.857068392,0.780128407
9012,31,23,0.884242931,0.769140167
9013,33,13,0.867132963,0.792226202
9014,34,14,0.864526613,0.789545674
9016,33,18,0.853617821,0.776791612
9017,34,23,0.869124813,0.795200192
9018,33,14,0.857527894,0.781499074
9020,39,14,0.851325739,0.774692506
9022,32,9,0.857197025,0.779585423
9025,34,10,0.892737663,0.829715882
9026,33,11,0.857868453,0.74530905
9027,32,15,0.888316135,0.860935362
9028,65,14,0.85459955,0.776771652
9031,34,10,0.870180339,0.79774333
9032,34,24,0.857068392,0.780128407
9033,47,10,0.869245706,0.795568073
9034,88,15,0.851133217,0.767569979
9035,33,28,0.85759946,0.781709972
9037,38,14,0.857068392,0.780128407
9038,34,12,0.857068392,0.780128407
9039,34,13,0.857068392,0.780128407
9041,34,10,0.803364416,0.629622548
9042,37,11,0.857068392,0.780128407
9044,36,12,0.857068392,0.780128407
9045,32,10,0.830671138,0.73981483
9047,44,10,0.855893611,0.768021212
9048,33,12,0.85742064,0.775308475
9050,59,17,0.90365963,0.814880167
9052,34,15,0.897069819,0.80451036
9053,33,11,0.857068392,0.780128407
9055,33,9,0.857202798,0.775967114
9056,30,11,0.857068392,0.780128407
9057,33,15,0.853324444,0.770556628
9058,33,10,0.856775451,0.781544862
9059,32,10,0.895788627,0.829700888
9060,34,10,0.856327597,0.778487819
9061,33,9,0.894970812,0.832241392
9063,74,25,0.857186779,0.777796745
9064,33,12,0.857068392,0.780128407
9065,33,11,0.857109673,0.772466088
9066,34,9,0.857068392,0.780128407
9067,43,10,0.855554535,0.776911893
9068,70,24,0.856429653,0.782987705
9069,34,13,0.771972806,0.707454379
9070,34,10,0.856302454,0.768934467
9071,31,19,0.870736785,0.803045843
9072,32,11,0.892968353,0.799722076
9073,34,17,0.855520918,0.77199937
9074,55,10,0.857489144,0.780292615
9075,48,23,0.892663128,0.82993484
9076,32,10,0.897990094,0.844201719
9078,34,11,0.849054655,0.758009426
9079,44,11,0.881036464,0.812790602
9082,32,10,0.884520159,0.805910882
9083,33,10,0.863400259,0.78240136
9084,34,12,0.803923677,0.676892708
9086,33,14,0.856989928,0.782349087
9088,34,10,0.857068392,0.780128407
9089,33,12,0.857482499,0.781105719
9090,34,11,0.850974918,0.76693541
9091,45,10,0.854321835,0.774192009
9092,34,13,0.857068392,0.780128407
9093,33,12,0.896615619,0.831513132
9094,35,10,0.850837106,0.732643534
9095,34,10,0.857068392,0.780128407
9096,34,14,0.857482499,0.781105719
9097,33,22,0.857068392,0.780128407
9098,41,11,0.859220608,0.782688952
9100,32,10,0.857068392,0.780128407
9101,33,11,0.857068392,0.780128407
9102,32,12,0.894898491,0.828032216
9103,33,10,0.857068392,0.780128407
9105,36,9,0.857068392,0.780128407
9106,34,16,0.858976064,0.781573479
9107,56,10,0.857809549,0.693090072
9108,33,9,0.85595561,0.765743014
9109,32,11,0.857068392,0.780128407
9110,32,13,0.868355549,0.797755438
9112,34,22,0.855477944,0.778532953
9113,40,10,0.857068392,0.780128407
9114,33,12,0.89502273,0.831488183
9115,36,13,0.857068392,0.780128407
9116,32,10,0.856823848,0.779012934
9117,33,11,0.857068392,0.780128407
9118,33,10,0.896776707,0.832844543
9119,33,12,0.839925388,0.732726247
9120,46,21,0.857068392,0.780128407
9121,34,13,0.857068392,0.780128407
9123,34,12,0.896579691,0.831087581
9125,33,15,0.894864177,0.826278479
9127,33,17,0.78121599,0.672463318
9128,33,11,0.815874751,0.613811105
9130,33,10,0.857068392,0.780128407
9131,33,11,0.856401567,0.780782173
9132,33,10,0.85721364,0.780791664
9133,34,10,0.849743997,0.736908098
9134,34,13,0.857068392,0.780128407
9135,34,13,0.896145596,0.831133217
9137,34,10,0.850087706,0.765356117
9138,33,10,0.856595451,0.779044862
9139,33,11,0.857068392,0.780128407
9140,56,15,0.857068392,0.780128407
9141,59,10,0.867781214,0.795216798
9142,92,29,0.896785508,0.842290988
9143,33,10,0.857775216,0.781288724
9145,45,10,0.901066628,0.850246464
9147,32,13,0.889271362,0.800016174
9150,34,12,0.845362947,0.769062811
9151,31,14,0.857851866,0.781145187
9152,33,10,0.891643843,0.819906866
9153,34,17,0.856383937,0.777196435
9155,47,10,0.855705358,0.777978756
9157,34,12,0.855338848,0.778067934
9158,34,15,0.851220888,0.771751226
9159,33,18,0.86345379,0.791411236
9160,32,9,0.85687502,0.779339268
9162,34,13,0.865379027,0.770761337
9163,38,12,0.881301217,0.836283506
9165,34,11,0.772253657,0.690502075
9166,37,12,0.799601541,0.73294246
9167,80,20,0.851260072,0.757513456
9168,34,10,0.896202187,0.827941779
9169,34,11,0.856465503,0.774093168
9170,33,12,0.857443621,0.780537867
9171,34,10,0.856179928,0.777349087
9172,31,12,0.857200846,0.7754448
9174,34,10,0.857068392,0.780128407
9175,33,10,0.894105642,0.83936025
9176,33,13,0.856845314,0.776523217
9177,33,10,0.899219243,0.838819984
9179,34,19,0.858868906,0.782068357
9180,34,18,0.866968453,0.800943383
9181,34,15,0.857020714,0.778141086
9183,33,13,0.831559206,0.736890786
9184,31,9,0.893436987,0.830823722
9185,34,11,0.859491512,0.78370375
9186,44,11,0.857068392,0.780128407
9187,37,26,0.896367882,0.838400682
9188,34,10,0.826528805,0.657487938
9190,33,10,0.851322602,0.776178034
9191,31,13,0.857068392,0.780128407
9192,34,11,0.857068392,0.780128407
9193,36,18,0.857068392,0.780128407
9194,41,11,0.848957088,0.767640185
9197,33,12,0.892062972,0.802666065
9198,34,13,0.85687502,0.779339268
9202,33,13,0.857068392,0.780128407
9203,33,13,0.857068392,0.780128407
9204,34,15,0.857068392,0.780128407
9205,35,14,0.855989559,0.778014793
9206,33,13,0.857068392,0.780128407
9207,33,12,0.859558514,0.774773467
9208,34,12,0.855624444,0.771036628
9209,33,12,0.892737663,0.829715882
9210,37,10,0.867728057,0.79684865
9211,33,12,0.895621425,0.826116965
9212,44,13,0.857068392,0.780128407
9213,68,22,0.857068392,0.780128407
9214,33,10,0.868739534,0.793089169
9215,32,13,0.86933378,0.792901052
9216,32,14,0.894013882,0.830290931
9217,35,21,0.857068392,0.780128407
9218,33,13,0.891847761,0.835287907
9219,33,21,0.857068392,0.780128407
9220,33,11,0.855020455,0.777191772
9221,34,12,0.856970561,0.770350155
9222,43,16,0.867222379,0.791719596
9223,33,12,0.884672351,0.796390864
9224,34,14,0.897688227,0.836663598
9225,34,13,0.860737221,0.787307085
9226,34,12,0.85622673,0.780844533
9227,37,9,0.857068392,0.780128407
9228,33,10,0.857068392,0.780128407
9229,33,15,0.894696379,0.822406511
9230,33,10,0.848621414,0.76165738
9231,47,10,0.89531057,0.829461739
9232,33,12,0.867143153,0.789592454
9234,48,14,0.857068392,0.780128407
9235,32,14,0.857068392,0.780128407
9236,32,20,0.895254393,0.829049395
9239,50,15,0.893807942,0.823714885
9240,53,16,0.857428618,0.777350083
9241,34,10,0.887730141,0.830174229
9242,34,10,0.85687502,0.779339268
9243,34,14,0.857068392,0.780128407
9245,34,12,0.850071866,0.743117597
9246,34,9,0.857443621,0.780537867
9247,52,11,0.857068392,0.780128407
9248,34,13,0.857068392,0.780128407
9249,32,12,0.895836917,0.82873061
9250,31,9,0.867728057,0.79684865
9251,32,17,0.893095498,0.820793012
9252,34,10,0.857068392,0.780128407
9253,32,13,0.853287757,0.77795802
9254,34,12,0.857068392,0.780128407
9255,33,11,0.854985923,0.763482087
9256,33,10,0.894809996,0.813264507
9257,41,12,0.857068392,0.780128407
9258,52,13,0.857068392,0.780128407
9259,33,15,0.857068392,0.780128407
9260,33,10,0.851966776,0.783929689
9261,33,15,0.832628527,0.716391077
9262,47,16,0.857068392,0.780128407
9263,33,13,0.857068392,0.780128407
9266,35,11,0.889347788,0.812703632
9268,32,17,0.85687502,0.779339268
9269,33,9,0.849649764,0.766066767
9270,33,18,0.856056555,0.77869234
9271,34,14,0.894648776,0.827559931
9273,47,13,0.857068392,0.780128407
9275,34,15,0.73972187,0.611768969
9276,33,10,0.855646779,0.778706745
9277,33,9,0.859513058,0.783584968
9278,34,11,0.856327597,0.778487819
9280,34,12,0.895345054,0.827234191
9282,35,14,0.857068392,0.780128407
9283,37,13,0.857068392,0.780128407
9284,32,13,0.857068392,0.780128407
9288,34,16,0.857068392,0.780128407
9289,34,10,0.830711159,0.717408442
9290,32,12,0.857068392,0.780128407
9291,57,24,0.857068392,0.780128407
9292,34,9,0.856998955,0.77736096
9293,34,12,0.844870581,0.726114688
9294,34,10,0.857068392,0.780128407
9295,34,10,0.857068392,0.780128407
9296,32,18,0.86524922,0.788156495
9297,32,18,0.892468402,0.797486269
9298,48,11,0.859220608,0.782688952
9299,35,13,0.85764153,0.78052288
9300,33,12,0.857068392,0.780128407
9301,34,14,0.857068392,0.780128407
9302,34,17,0.894769608,0.833244561
9303,58,16,0.857678862,0.782325489
9304,32,16,0.857068392,0.780128407
9305,34,12,0.857068392,0.780128407
9307,34,14,0.843589126,0.74453548
9309,33,11,0.863349943,0.798609685
9310,38,12,0.895741267,0.827140559
9311,33,12,0.859592026,0.785942141
9312,34,12,0.857068392,0.780128407
9313,34,10,0.888929084,0.801184005
9315,32,13,0.857979928,0.781789087
9316,32,15,0.857068392,0.780128407
9317,54,16,0.857068392,0.780128407
9318,54,13,0.862545208,0.786509558
9319,34,10,0.857519581,0.780822741
9321,32,10,0.857068392,0.780128407
9322,33,10,0.856350903,0.774875744
9323,32,12,0.857519581,0.780822741
9324,42,9,0.894596395,0.823645381
9327,48,12,0.847044215,0.768176211
9328,33,11,0.85687502,0.779339268
9329,34,11,0.854274706,0.775458314
9330,33,10,0.855566732,0.765000916
9331,34,11,0.885565678,0.778102278
9333,34,11,0.894785836,0.826938912
9334,82,15,0.853393429,0.779951749
9335,33,10,0.857068392,0.780128407
9337,58,11,0.857068392,0.780128407
9339,33,12,0.823720029,0.739215386
9341,38,11,0.857068392,0.780128407
9342,34,21,0.857068392,0.780128407
9343,34,13,0.830474107,0.717634245
9344,34,10,0.81932288,0.702307483
9345,34,15,0.819705562,0.718650189
9347,32,13,0.876679348,0.777064856
9348,34,10,0.798148853,0.710493742
9349,35,11,0.857068392,0.780128407
9350,33,12,0.857068392,0.780128407
9353,33,12,0.771972806,0.707454379
9354,33,13,0.894696379,0.822406511
9356,33,15,0.894837282,0.826063675
9357,34,10,0.857068392,0.780128407
9358,32,10,0.857068392,0.780128407
9359,40,12,0.857068392,0.780128407
9360,33,11,0.857068392,0.780128407
9361,55,20,0.894648776,0.827559931
9362,35,10,0.718278429,0.700230288
9365,60,15,0.855915358,0.778658756
9366,33,10,0.857068392,0.780128407
9367,45,11,0.867728057,0.79684865
9368,31,15,0.894105642,0.83936025
9369,45,16,0.856853103,0.777315131
9370,34,14,0.851538981,0.76820394
9371,44,9,0.856595451,0.779044862
9372,33,10,0.868119062,0.797335539
9373,35,9,0.893458358,0.806482733
9374,32,14,0.857068392,0.780128407
9375,32,9,0.874366732,0.742377956
9376,34,14,0.855484475,0.769746024
9377,34,15,0.856154385,0.779286317
9379,34,11,0.891192982,0.830111545
9380,43,10,0.855812762,0.775435218
9381,33,11,0.885221411,0.816006264
9382,47,10,0.847825909,0.757825049
9385,33,13,0.859761383,0.783493083
9386,33,11,0.861197824,0.733906097
9387,33,10,0.851305648,0.780483607
9388,33,14,0.819828952,0.828904278
9389,33,20,0.857851866,0.781145187
9390,34,11,0.853743613,0.756055406
9391,33,10,0.857068392,0.780128407
9392,33,10,0.867728057,0.79684865
9393,32,10,0.8291167,0.749450372
9394,32,12,0.857068392,0.780128407
9395,33,10,0.845578305,0.763583065
9396,34,10,0.765535875,0.696115043
9397,32,19,0.857068392,0.780128407
9398,55,11,0.894575599,0.8182272
9399,41,15,0.867875197,0.793273878
9400,47,10,0.857068392,0.780128407
9402,33,15,0.857068392,0.780128407
9403,33,12,0.860927503,0.784142426
9404,33,10,0.813271729,0.784553071
9405,32,12,0.849762481,0.738237353
9406,32,10,0.894461579,0.812728065
9407,46,13,0.857587901,0.778687828
9408,33,10,0.865911079,0.798854595
9409,32,14,0.857068392,0.780128407
9412,74,20,0.857068392,0.780128407
9414,33,9,0.860945743,0.78359201
9415,58,24,0.900002285,0.823963543
9416,33,11,0.857068392,0.780128407
9417,33,12,0.859761383,0.783493083
9419,33,18,0.857007062,0.779679626
9420,33,17,0.895510147,0.825112897
9421,33,11,0.857068392,0.780128407
9422,33,10,0.894326648,0.828868723
9423,41,15,0.857068392,0.780128407
9424,41,10,0.857068392,0.780128407
9425,42,14,0.867938557,0.798113566
9426,60,19,0.857068392,0.780128407
9427,32,11,0.855637025,0.775585423
9428,35,14,0.857482499,0.781105719
9430,34,12,0.839915388,0.719986247
9431,34,10,0.897967089,0.829580814
9432,34,15,0.857068392,0.780128407
9433,33,15,0.894135838,0.812504392
9434,33,15,0.858432825,0.782240765
9435,32,12,0.831881519,0.664457104
9437,34,10,0.857068392,0.780128407
9438,32,9,0.854885487,0.77008536
9439,33,11,0.858855434,0.780433844
9440,64,17,0.857736929,0.781945171
9441,34,9,0.900008306,0.849889045
9443,32,12,0.892737663,0.829715882
9445,33,15,0.857068392,0.780128407
9446,54,13,0.862779364,0.726256188
9448,43,16,0.861001241,0.768594672
9449,38,11,0.859159744,0.782404639
9450,33,13,0.888871761,0.800086474
9451,30,10,0.859037897,0.772778594
9452,33,11,0.891164558,0.820279348
9453,34,18,0.85687502,0.779339268
9454,31,12,0.85687502,0.779339268
9455,39,13,0.856687025,0.777585423
9456,37,11,0.893637461,0.802758223
9457,37,11,0.898754429,0.833833491
9460,33,9,0.862688375,0.749783045
9461,33,10,0.853566488,0.776144792
9462,44,15,0.857068392,0.780128407
9463,34,13,0.855001217,0.771123724
9464,33,16,0.891743832,0.812595186
9465,36,15,0.853417136,0.7768642
9466,33,13,0.861486518,0.78439614
9468,33,10,0.838061936,0.579017805
9469,34,10,0.857068392,0.780128407
9470,32,13,0.857068392,0.780128407
9472,34,10,0.840864329,0.778656905
9473,33,11,0.857068392,0.780128407
9474,36,15,0.896987501,0.827475194
9475,33,11,0.86799413,0.791774371
9476,34,13,0.857419788,0.779272905
9477,33,12,0.849371736,0.738807358
9478,33,11,0.857068392,0.780128407
9479,33,29,0.857068392,0.780128407
9480,34,18,0.792583424,0.702292839
9481,34,9,0.834815795,0.776416178
9483,32,11,0.857527894,0.781499074
9484,33,10,0.857729709,0.780642126
9485,34,10,0.87932318,0.807541814
9486,36,16,0.857068392,0.780128407
9487,33,12,0.857068392,0.780128407
9488,34,11,0.892930345,0.820250572
9490,32,10,0.857068392,0.780128407
9492,55,20,0.857443621,0.780537867
9493,34,24,0.857068392,0.780128407
9495,33,14,0.888911291,0.819999027
9496,34,11,0.857068392,0.780128407
9497,67,14,0.856249113,0.779488346
9499,40,10,0.887849632,0.825629125
9500,33,15,0.854531577,0.771856538
9501,33,12,0.858352901,0.782944078
9502,32,10,0.766793494,0.578166078
9503,32,12,0.857068392,0.780128407
9504,34,12,0.857068392,0.780128407
9505,32,11,0.893473412,0.813044594
9506,41,10,0.857068392,0.780128407
9507,34,10,0.851776832,0.774563404
9508,34,9,0.856858618,0.777040083
9509,33,16,0.859220608,0.782688952
9510,54,15,0.898926728,0.836789832
9511,33,15,0.721169927,0.592631209
9512,33,11,0.836869865,0.782200677
9513,33,37,0.748602735,0.706090879
9515,32,10,0.842396083,0.779446132
9516,33,23,0.855057776,0.777241356
9517,35,12,0.857068392,0.780128407
9518,41,9,0.888683023,0.791971474
9519,33,10,0.857068392,0.780128407
9521,34,10,0.867813292,0.794487201
9522,34,11,0.846790724,0.752372922
9523,33,15,0.857068392,0.780128407
9524,33,17,0.890710954,0.78889047
9525,33,10,0.857068392,0.780128407
9526,45,13,0.784250372,0.709680958
9527,34,16,0.865569835,0.801064224
9528,34,10,0.856674481,0.77555071
9529,39,10,0.857068392,0.780128407
9530,34,10,0.857068392,0.780128407
9531,32,11,0.895165336,0.759826873
9532,34,10,0.857068392,0.780128407
9533,33,13,0.857229124,0.779072798
9534,40,12,0.857068392,0.780128407
9535,33,17,0.857068392,0.780128407
9536,33,10,0.857068392,0.780128407
9537,33,15,0.868673527,0.79688361
9538,33,13,0.879417861,0.741191514
9541,33,11,0.898611982,0.827684784
9542,44,12,0.905254664,0.86927456
9543,34,11,0.857068392,0.780128407
9544,33,16,0.896647699,0.827601747
9545,75,16,0.896833347,0.830158419
9546,33,14,0.892601753,0.822283512
9547,34,10,0.857068392,0.780128407
9548,34,20,0.810358905,0.69976744
9549,45,20,0.857817386,0.781706995
9550,41,9,0.876812566,0.825353309
9551,33,15,0.855439953,0.776180962
9552,42,11,0.898078618,0.833170002
9553,34,11,0.857068392,0.780128407
9554,65,22,0.897101417,0.797464848
9555,34,10,0.891576206,0.829461196
9556,49,12,0.858855434,0.780433844
9557,34,9,0.866377279,0.789581696
9558,33,11,0.851463678,0.684739945
9559,33,13,0.849659659,0.7653907
9560,32,12,0.814374434,0.737384391
9561,33,12,0.752181748,0.61653761
9562,32,10,0.891424022,0.849088447
9564,33,15,0.859788882,0.781254226
9565,39,10,0.85687502,0.779339268
9566,33,16,0.857068392,0.780128407
9567,32,10,0.857068392,0.780128407
9568,37,10,0.86765104,0.794784126
9571,49,10,0.788780936,0.681377127
9572,36,20,0.857068392,0.780128407
9573,32,15,0.857068392,0.780128407
9574,34,10,0.856796567,0.780325812
9575,33,12,0.859291216,0.784497651
9576,32,15,0.859005319,0.779875677
9577,33,9,0.889944019,0.802755637
9582,33,10,0.857068392,0.780128407
9583,77,32,0.863941637,0.730943153
9584,32,10,0.857068392,0.780128407
9585,34,12,0.857068392,0.780128407
9586,33,18,0.861501453,0.785080225
9587,33,10,0.858432825,0.782240765
9588,30,10,0.857068392,0.780128407
9589,36,15,0.893990376,0.826732618
9590,33,14,0.85305397,0.769078187
9591,33,14,0.853179015,0.769931791
9592,34,32,0.857068392,0.780128407
9593,34,12,0.894934132,0.821286542
9595,34,11,0.857068392,0.780128407
9596,34,12,0.896471464,0.828291123
9598,34,11,0.898078618,0.833170002
9599,34,10,0.868922517,0.799853774
9600,33,10,0.857068392,0.780128407
9601,34,10,0.85687502,0.779339268
9602,32,13,0.855477429,0.777751749
9604,34,10,0.895971508,0.817830296
9605,84,32,0.856733845,0.773163241
9606,33,15,0.856054734,0.775193337
9607,32,16,0.857068392,0.780128407
9608,34,11,0.893092931,0.83008213
9609,33,16,0.857068392,0.780128407
9610,33,10,0.860908242,0.785725615
9611,49,15,0.894757196,0.837034159
9612,32,16,0.901425961,0.848679131
9613,33,12,0.857068392,0.780128407
9614,34,9,0.857335097,0.783823425
9615,33,12,0.896399881,0.822753773
9618,33,12,0.895793217,0.830045675
9619,34,12,0.894648776,0.827559931
9620,35,15,0.850204607,0.755127005
9621,40,10,0.856547025,0.779675423
9623,52,16,0.896381989,0.831638418
9624,32,11,0.884202656,0.799595789
9625,32,12,0.857068392,0.780128407
9627,52,25,0.858088038,0.77904697
9628,33,12,0.828995075,0.741184443
9630,33,12,0.858125752,0.784663972
9631,32,11,0.848517157,0.78588875
9632,34,11,0.857482499,0.781105719
9633,32,12,0.852082805,0.752122013
9634,33,13,0.86765104,0.794784126
9635,36,15,0.857068392,0.780128407
9636,32,13,0.861241511,0.787954227
9637,34,15,0.902362586,0.839934924
9638,32,12,0.853152632,0.767660516
9639,51,12,0.851613152,0.770581658
9640,32,15,0.864109851,0.762915271
9641,34,10,0.885850814,0.812149148
9642,33,16,0.858432825,0.782240765
9643,35,10,0.859116283,0.781128207
9645,34,12,0.900002285,0.823963543
9646,33,19,0.858054144,0.78236824
9647,99,20,0.857068392,0.780128407
9648,34,14,0.856124444,0.768066628
9649,55,13,0.857142889,0.782297456
9650,34,12,0.857068392,0.780128407
9651,33,14,0.895809793,0.83812779
9652,33,15,0.799440309,0.697387138
9653,33,11,0.85565977,0.778725548
9654,33,12,0.87016606,0.796955073
9655,34,16,0.857068392,0.780128407
9656,46,10,0.856253937,0.779666435
9657,33,10,0.898920418,0.84428293
9658,38,10,0.886452981,0.800202254
9659,41,14,0.853062425,0.764890666
9660,69,28,0.859220608,0.782688952
9661,33,16,0.819828952,0.828904278
9662,33,10,0.895507471,0.83133598
9663,34,16,0.842273533,0.651790917
9665,33,11,0.857068392,0.780128407
9667,33,12,0.857068392,0.780128407
9668,34,9,0.867132963,0.792226202
9670,33,10,0.859072026,0.784902141
9671,41,9,0.863561365,0.792951585
9672,62,16,0.857068392,0.780128407
9673,33,10,0.857068392,0.780128407
9674,33,17,0.847439276,0.759157251
9675,33,10,0.890320002,0.823003836
9676,34,10,0.856423292,0.777763532
9677,33,14,0.888842601,0.793866159
9679,33,12,0.884411602,0.825410996
9680,59,19,0.857068392,0.780128407
9681,37,13,0.897010376,0.828377338
9683,33,13,0.857068392,0.780128407
9684,50,10,0.857068392,0.780128407
9685,33,13,0.864944503,0.791589831
9686,33,27,0.858957527,0.782553465
9687,31,11,0.857519581,0.780822741
9688,90,10,0.894288186,0.824588144
9689,45,11,0.857068392,0.780128407
9690,34,13,0.892110748,0.818611678
9691,32,15,0.851075749,0.771734939
9692,33,11,0.894648776,0.827559931
9693,33,14,0.857068392,0.780128407
9694,40,9,0.855762889,0.779627456
9695,34,10,0.847310836,0.773575425
9698,32,14,0.895775122,0.834172789
9699,39,12,0.859158465,0.781608275
9701,34,18,0.856327597,0.778487819
9702,33,11,0.86853628,0.792843552
9703,33,14,0.895307467,0.832421332
9704,32,11,0.894219732,0.831729879
9705,33,10,0.897417076,0.820510929
9706,34,14,0.857068392,0.780128407
9707,31,10,0.857068392,0.780128407
9708,34,11,0.853477821,0.772521612
9709,33,11,0.85707153,0.77746288
9710,60,13,0.857068392,0.780128407
9711,32,12,0.857068392,0.780128407
9712,34,13,0.892914235,0.820253936
9714,38,11,0.857068392,0.780128407
9715,33,10,0.89502273,0.831488183
9716,32,13,0.856328751,0.779245599
9717,34,16,0.857394218,0.776233939
9718,34,12,0.851259564,0.772944324
9719,33,10,0.856823848,0.779012934
9720,50,14,0.855100124,0.777529717
9723,46,10,0.859128614,0.75977177
9725,34,18,0.857068392,0.780128407
9729,33,11,0.85529084,0.778522305
9730,34,11,0.856154385,0.779286317
9731,33,11,0.857068392,0.780128407
9732,33,12,0.857068392,0.780128407
9733,34,11,0.857975885,0.779433487
9736,38,10,0.857068392,0.780128407
9737,32,13,0.857068392,0.780128407
9738,31,16,0.851834921,0.776166491
9739,34,10,0.895809793,0.83812779
9740,34,10,0.894323644,0.833585317
9741,34,14,0.873167899,0.639547658
9742,35,9,0.857068392,0.780128407
9743,33,16,0.819705562,0.718650189
9744,36,9,0.893283582,0.830458781
9745,33,11,0.850181194,0.736853717
9746,34,10,0.893106757,0.821527419
9747,48,14,0.855907523,0.777800789
9748,34,10,0.853006088,0.776895186
9749,34,25,0.857068392,0.780128407
9751,33,15,0.840826858,0.746784218
9752,33,20,0.894356059,0.826429427
9753,33,12,0.851392898,0.732230524
9754,42,10,0.858662901,0.782314078
9755,32,13,0.857068392,0.780128407
9756,46,14,0.859281179,0.783391628
9757,33,14,0.801576337,0.800198831
9758,33,15,0.894710106,0.834286763
9760,34,10,0.792583424,0.702292839
9762,34,12,0.857068392,0.780128407
9764,38,10,0.857443621,0.780537867
9765,33,12,0.833403706,0.742282425
9766,33,11,0.846544006,0.760386576
9767,35,10,0.857068392,0.780128407
9768,33,10,0.857068392,0.780128407
9769,34,13,0.888823527,0.823722935
9771,34,12,0.888293264,0.792575719
9772,33,15,0.857068392,0.780128407
9773,33,14,0.892365905,0.794488634
9776,51,9,0.847710841,0.75484515
9778,33,10,0.854738148,0.748084596
9779,32,11,0.844323745,0.673327647
9780,55,15,0.861486518,0.78439614
9781,34,11,0.857068392,0.780128407
9782,33,27,0.857068392,0.780128407
9783,33,12,0.895704568,0.829594716
9785,33,13,0.858993897,0.785392266
9786,34,11,0.89656411,0.812309882
9787,33,13,0.860229639,0.782128045
9788,32,16,0.859405275,0.783175143
9789,33,14,0.846920599,0.758738514
9790,33,10,0.841735107,0.754311952
9792,34,13,0.857482499,0.781105719
9793,33,25,0.856116716,0.781100902
9795,34,12,0.853934444,0.773448483
9796,32,12,0.857068392,0.780128407
9797,35,16,0.857068392,0.780128407
9799,35,15,0.857268544,0.764285877
9801,34,12,0.895727904,0.828904168
9802,38,9,0.89810116,0.832236524
9803,58,10,0.857068392,0.780128407
9805,33,11,0.895953387,0.823816132
9806,37,13,0.854529104,0.773941591
9807,32,10,0.884361092,0.720937397
9808,33,16,0.857068392,0.780128407
9809,32,10,0.857068392,0.780128407
9810,33,15,0.856858618,0.777040083
9812,35,10,0.811264434,0.786889802
9813,35,19,0.867728057,0.79684865
9815,34,11,0.897409214,0.845563158
9816,33,10,0.874112846,0.801173732
9819,35,13,0.892506396,0.837115687
9820,33,13,0.857068392,0.780128407
9821,34,19,0.858432825,0.782240765
9822,33,10,0.865911079,0.798854595
9823,33,13,0.896557532,0.829163287
9824,34,10,0.895958687,0.838695122
9825,33,10,0.868802611,0.79934785
9826,34,16,0.890575526,0.822261681
9827,32,11,0.855552385,0.771090915
9828,33,19,0.856249113,0.779488346
9829,34,9,0.856249113,0.779488346
9831,46,14,0.857068392,0.780128407
9832,34,13,0.857068392,0.780128407
9833,33,9,0.859215133,0.784665093
9834,35,13,0.857068392,0.780128407
9835,33,11,0.894804763,0.826574745
9838,34,11,0.894017575,0.826520876
9839,31,14,0.892455469,0.829278927
9840,32,12,0.857068392,0.780128407
9842,33,20,0.85676977,0.780695548
9843,32,11,0.87932318,0.807541814
9844,33,18,0.859220608,0.782688952
9845,59,14,0.855301147,0.775934043
9846,33,13,0.889358094,0.805526094
9847,32,13,0.857068392,0.780128407
9848,34,13,0.857443621,0.780537867
9849,33,10,0.857068392,0.780128407
9850,33,15,0.866752548,0.802826034
9851,34,10,0.857482499,0.781105719
9852,55,13,0.859998465,0.785608275
9853,34,10,0.892737663,0.829715882
9854,33,13,0.847145846,0.763740361
9855,32,20,0.861661381,0.779065843
9856,32,11,0.857068392,0.780128407
9857,33,12,0.866907637,0.806859335
9858,33,11,0.857068392,0.780128407
9859,33,13,0.894981468,0.826135534
9860,32,25,0.898223044,0.828431439
9861,39,9,0.857068392,0.780128407
9862,34,10,0.862469111,0.784105455
9864,33,15,0.893964825,0.818991061
9870,31,10,0.827919534,0.730481338
9871,33,17,0.857851866,0.781145187
9872,32,10,0.860891814,0.741069326
9873,33,18,0.89510597,0.831372112
9874,33,10,0.888911291,0.819999027
9875,36,12,0.855925916,0.782114147
9876,34,15,0.856142332,0.780212984
9877,32,13,0.857068392,0.780128407
9878,36,9,0.857306779,0.777906745
9879,37,12,0.857068392,0.780128407
9881,37,13,0.857492798,0.768577114
9883,33,11,0.857068392,0.780128407
9884,33,12,0.858046895,0.782045998
9885,34,13,0.857068392,0.780128407
9888,33,15,0.858861718,0.788175254
9889,35,11,0.857775216,0.781288724
9890,33,10,0.856862073,0.755391078
9891,33,10,0.857747543,0.779317488
9892,33,10,0.894736599,0.823270689
9893,44,12,0.857775679,0.783151629
9894,33,15,0.842061303,0.744871193
9895,34,14,0.857482499,0.781105719
9896,34,10,0.86982685,0.794631454
9897,37,13,0.925417949,0.904583487
9898,34,26,0.85711078,0.777748346
9900,71,15,0.870563134,0.799037758
9901,33,10,0.857482499,0.781105719
9903,34,12,0.892600665,0.8192767
9904,52,10,0.891960964,0.790459711
9905,33,13,0.857482499,0.781105719
9906,34,10,0.857068392,0.780128407
9907,34,14,0.857068392,0.780128407
9908,34,17,0.855508318,0.777847758
9909,33,10,0.857399559,0.774834793
9913,34,13,0.896014248,0.787247395
9914,33,11,0.845583445,0.754933016
9915,38,10,0.879417861,0.741191514
9917,33,14,0.8949236,0.830992845
9918,32,13,0.855253857,0.7748094
9920,43,14,0.88218524,0.800883738
9923,34,12,0.857068392,0.780128407
9925,32,11,0.855736866,0.776339813
9926,62,15,0.894683909,0.827157649
9927,31,13,0.894864177,0.826278479
9928,32,16,0.884411602,0.825410996
9929,34,18,0.854885487,0.77008536
9930,60,15,0.894954706,0.826545928
9931,42,12,0.859220608,0.782688952
9932,33,17,0.857068392,0.780128407
9935,34,11,0.580324104,0.59436483
9936,31,11,0.804036758,0.720300923
9938,33,10,0.857068392,0.780128407
9939,32,11,0.859612688,0.781707805
9940,57,15,0.894648776,0.827559931
9942,30,10,0.857068392,0.780128407
9943,32,14,0.85552147,0.780118665
9944,33,11,0.857068392,0.780128407
9945,34,13,0.857068392,0.780128407
9946,33,16,0.894924299,0.828250118
9948,32,11,0.84543935,0.738207438
9949,32,10,0.867168006,0.793966557
9950,33,9,0.819339021,0.799027885
9951,32,12,0.857068392,0.780128407
9952,33,9,0.849190724,0.763752922
9954,34,11,0.74723106,0.6722039
9956,32,9,0.894648776,0.827559931
9957,30,15,0.857068392,0.780128407
9958,33,10,0.896474414,0.82538328
9959,34,9,0.859220608,0.782688952
9960,31,10,0.857527894,0.781499074
9961,33,12,0.857068392,0.780128407
9963,31,10,0.8291167,0.749450372
9964,34,17,0.854998276,0.774969312
9965,32,10,0.862524455,0.727741853
9966,32,13,0.857068392,0.780128407
9967,33,12,0.896449212,0.790160143
9968,34,22,0.860908242,0.785725615
9969,32,11,0.894226356,0.842677298
9970,34,9,0.857068392,0.780128407
9971,33,12,0.857200846,0.7754448
9972,33,10,0.854998276,0.774969312
9974,33,11,0.857068392,0.780128407
9975,34,22,0.891705019,0.803153424
9976,33,16,0.854432798,0.765317114
9977,36,15,0.857752889,0.782297456
9980,33,15,0.857068392,0.780128407
9981,32,14,0.851538981,0.76820394
9982,32,10,0.857068392,0.780128407
9983,34,11,0.857068392,0.780128407
9984,34,11,0.857067672,0.77090622
9985,34,28,0.894140918,0.828580385
9986,33,17,0.857268544,0.764285877
9987,34,12,0.857665559,0.774631094
9988,32,11,0.857068392,0.780128407
9989,34,14,0.894769608,0.833244561
9990,34,24,0.786769797,0.746006966
9991,33,10,0.897740032,0.825213916
9992,33,11,0.870325409,0.796051356
9993,33,10,0.893345442,0.825016812
9994,50,10,0.887302799,0.777655298
9995,47,9,0.856910163,0.779385114
9996,39,12,0.889616738,0.811061584
9997,35,9,0.850097088,0.769880185
9998,33,10,0.890807922,0.832988413
9999,32,12,0.855563635,0.778152249
10000,33,13,0.856327597,0.778487819
10001,33,11,0.877756986,0.794033802
10002,59,24,0.857068392,0.780128407
10003,34,11,0.857068392,0.780128407
10004,34,17,0.893677274,0.835345764
10005,34,9,0.857068392,0.780128407
10006,34,12,0.857068392,0.780128407
10007,34,12,0.894245634,0.827505653
10008,33,10,0.896012628,0.825988386